{"cameraMode":{"drawMode":0,"name":"Shaded","section":"Shading Mode"},"sceneLighting":false,"audioPlay":false,"sceneViewState":{"showFog":true,"showMaterialUpdate":false,"showSkybox":false,"showFlares":true,"showImageEffects":true,"showParticleSystems":true},"in2DMode":false,"pivot":{"x":7.450580596923828e-9,"y":0.0869835615158081,"z":0.0008967667818069458},"rotation":{"x":-0.012562793679535389,"y":-0.9483564496040344,"z":0.31470629572868349,"w":-0.03785258159041405},"size":0.39890825748443606,"orthographic":false}